"id_tree";"species";"x";"y";"z";"dbh_cm";"crown_type";"h_m";"hbase_m";"hmax_m";"rn_m";"rs_m";"re_m";"rw_m";"crown_openness";"crown_lad";"added_to_fill"
103;"abies";150.030083314806;13.9489057083696;0;68.43662553;"8E";38.5;16.6;28.2;4.32;4.12;3.7;5.2;0.035;0.6;FALSE
615;"pseudotsuga";51.040541914909;26.0141737716151;0;95.49296586;"8E";50.2;14;33.3;7.01;6.45;5.87;4.15;0.035;0.6;FALSE
102;"pseudotsuga";143.004813999014;6.97283295641332;0;111.7267701;"8E";48.2;10.8;27.1;8.38;6.72;4.69;6.51;0.035;0.6;FALSE
708;"pseudotsuga";27.0182382288571;27.9555458676081;0;116.8197282;"8E";51;15.8;27;7.37;7.43;9.85;5.44;0.035;0.6;FALSE
707;"pseudotsuga";34.0272348350729;25.0154835257427;0;99.94930426;"8E";50.5;16;26.7;6.73;5.16;3.4;5.76;0.035;0.6;FALSE
712;"pseudotsuga";32.998269780686;6.9879703606705;0;112.0450799;"8E";51.4;14.4;26.5;5.02;6.02;5;5.32;0.035;0.6;FALSE
714;"pseudotsuga";27.9870321013215;13.0035748125039;0;99.94930426;"8E";50;15.4;26.2;5.6;5.57;3.12;5.4;0.035;0.6;FALSE
206;"picea";130.021462367566;58.9206200162503;0;46.1549335;"8E";34.4;13.7;26;3.16;2.8;2.93;1.73;0.035;0.6;FALSE
222;"pseudotsuga";134.986152528839;7.948060225687;0;114.591559;"8E";49.9;9.5;24.9;5.83;6.52;6.9;3.15;0.035;0.6;FALSE
608;"picea";48.9856392869865;48.954909923486;0;99.31268449;"8E";44.2;17.1;24.8;4.08;4.42;4.55;3.45;0.035;0.6;FALSE
113;"abies";146.984816013353;50.9874848801291;0;41.06197532;"8E";31;4;24.6;3.43;2.84;3.78;2.05;0.035;0.6;FALSE
312;"picea";105.971911353851;31.9677148659938;0;90.08169779;"8E";41.2;12.6;24;4.87;5.35;3.95;5.55;0.035;0.6;FALSE
522;"pseudotsuga";73.0113488889962;10.9884078707568;0;102.8140932;"8E";49.5;17.1;23.7;6.11;6.11;5.7;5.95;0.035;0.6;FALSE
116;"picea";145.995208210035;60.0158112142628;0;34.37746771;"8E";28.8;16.5;23.6;2.32;1.85;1.55;2.47;0.035;0.6;FALSE
214;"picea";128.996281664243;41.9701331640819;0;48.06479281;"8E";36.5;15;23.5;3.13;2.24;3.59;2.55;0.035;0.6;FALSE
215;"picea";133.026993982844;36.9978743006799;0;49.65634224;"8E";33.9;13.9;23.5;3.6;2.77;3.63;2.56;0.035;0.6;FALSE
110;"picea";143.991015886374;33.9696365790159;0;57.29577951;"8E";33.1;15.7;23.5;5.23;4.72;4.28;4.18;0.035;0.6;FALSE
617;"pseudotsuga";49.046567339122;24.0156579745509;0;78.94085177;"8E";42.9;12.7;23.4;3.05;4.75;4.75;3.01;0.035;0.6;FALSE
4;"picea";166.003072287063;72.9628330754935;0;89.44507802;"8E";41;14.4;23.4;4.02;6.41;6.08;5.46;0.035;0.6;FALSE
104;"abies";154.939521950541;15.9557470777752;0;39.152116;"8E";27.8;6.7;23.2;5.2;4.44;3.57;3.86;0.035;0.6;FALSE
211;"picea";134.944524667132;48.9499902671025;0;55.70423008;"8E";33.5;14.4;23.1;2.1;4.32;4.2;4.52;0.035;0.6;FALSE
5;"picea";164.05640209958;58.0025364480478;0;36.28732702;"8E";30.9;9.3;23.1;3.96;3.89;2.88;3.07;0.035;0.6;FALSE
105;"picea";152.014975448039;23.9324022511361;0;50.6112719;"8E";33.8;12.5;22.9;3.84;3.41;3.36;3.48;0.035;0.6;FALSE
111;"abies";155.954863341096;45.9607313614009;0;34.69577759;"8E";26.4;6.2;22.9;3.36;4.23;4.5;4.02;0.035;0.6;FALSE
303;"picea";109.048588769138;62.0025955230276;0;80.5324012;"8E";39.7;11;22.6;5.57;4.4;3.09;5.87;0.035;0.6;FALSE
220;"picea";136.965746570582;26.9935638270596;0;44.88169395;"8E";32.8;7.6;22.6;2.32;2.67;2.41;2.84;0.035;0.6;FALSE
209;"picea";137.001319470587;52.9723770133617;0;37.56056657;"8E";30.8;13.7;22.6;2.23;1.63;2.41;1.89;0.035;0.6;FALSE
202;"picea";142.027316119102;67.0119410268599;0;91.03662745;"8E";36.6;6.5;22.5;3.9;5.55;4.8;3.92;0.035;0.6;FALSE
203;"picea";125.014009039266;66.0132507809875;0;63.66197724;"8E";35.5;11;22.5;5.26;4.3;4.88;4.76;0.035;0.6;FALSE
421;"abies";100.02820957224;20.995367390122;0;42.65352475;"8E";31.4;3.8;22.4;3.08;3.45;3.59;2.5;0.035;0.6;FALSE
807;"pseudotsuga";8.00565848174405;34.0203468832776;0;98.03944494;"8E";50.2;16.8;22.3;11.22;4.89;3.75;7.04;0.035;0.6;FALSE
6;"picea";164.031803817661;51.0018654141735;0;82.44226052;"8E";37.5;15;22.2;4.4;4.72;4.24;5.35;0.035;0.6;FALSE
218;"picea";123.969528145515;33.0000858363386;0;46.1549335;"8E";32.5;16;22.2;2.26;3.44;3.33;1.78;0.035;0.6;FALSE
115;"abies";146.946594067603;55.9642849648083;0;38.83380611;"8E";30.9;4.9;22.2;4.1;3.62;3.91;4.5;0.035;0.6;FALSE
7;"abies";169.950907317355;54.973541856171;0;54.11268065;"8E";37.1;15.4;22;3.63;3.99;4.75;4.53;0.035;0.6;FALSE
12;"picea";170.041731742898;27.9729538825041;0;55.3859202;"8E";37;5.6;22;2.35;1.49;1.99;2.41;0.035;0.6;FALSE
106;"picea";144.033779053401;25.0003461214855;0;73.52958371;"8E";34.7;9.1;22;3.14;2.51;2.83;3.26;0.035;0.6;FALSE
217;"picea";127.962018518366;33.0046270576158;0;43.60845441;"8E";34.6;18.5;22;2.47;3.02;1.92;2.68;0.035;0.6;FALSE
208;"picea";139.945923033729;55.9888832467264;0;33.42253805;"8E";29.4;15.2;22;3.41;1.89;2.65;3.39;0.035;0.6;FALSE
415;"picea";90.9908007955516;27.9907403325063;0;73.21127382;"8E";38.4;12.6;21.8;2.91;3.56;2.35;3.22;0.035;0.6;FALSE
210;"picea";126.988683424625;51.9490884855713;0;59.20563883;"8E";34.3;11.7;21.7;3.22;4.32;3.6;4.83;0.035;0.6;FALSE
500;"abies";74.9784545722266;74.044022174568;0;45.83662361;"8E";28.9;1;21.7;4.39;3.84;3.8;4.81;0.035;0.6;FALSE
305;"picea";117.960357090491;50.9594806822532;0;49.97465213;"8E";34.2;11.7;21.6;3;2.91;2.24;3.19;0.035;0.6;FALSE
514;"abies";68.0493077734678;31.0053543903387;0;66.8450761;"8E";34.4;8.6;21.5;3.93;5.38;3.61;3.56;0.035;0.6;FALSE
109;"picea";155.017858017572;32.965269806547;0;52.83944111;"8E";33.3;4.5;21.5;3.5;2.74;2.64;3.1;0.035;0.6;FALSE
11;"picea";166.966189632931;29.9707128093554;0;42.97183463;"8E";35;7.8;21.4;0.65;3.66;3.13;2.73;0.035;0.6;FALSE
413;"abies";97.0355447505802;36.0101586728939;0;54.11268065;"8E";32.3;7;21.4;4.79;4.06;2.92;4.74;0.035;0.6;FALSE
17;"abies";170.035298346089;5.00232135722508;0;47.74648293;"8E";32.1;5.3;21.4;3.95;4.41;4.34;4.31;0.035;0.6;FALSE
16;"picea";179.000804452555;3.9680582113481;0;44.24507418;"8E";33.3;6.6;21.2;5.03;2.41;3.46;4.14;0.035;0.6;FALSE
216;"picea";138.955179925092;32.984569996975;0;41.69859509;"8E";32.5;18;21.1;1.93;2.5;2.89;1.58;0.035;0.6;FALSE
107;"picea";160.003740544806;25.0185110065942;0;51.24789168;"8E";32.4;11.5;21.1;3.24;4.03;3.82;2.96;0.035;0.6;FALSE
18;"picea";166.038266751961;8.99027050879907;0;57.29577951;"8E";36.4;5.5;21;5.27;4.58;5.7;5.11;0.035;0.6;FALSE
417;"picea";83.9901297616773;28.0153386144243;0;46.1549335;"8E";33.4;12.2;21;2.72;2.78;2.87;3.23;0.035;0.6;FALSE
114;"abies";153.001177335399;50.9292058737387;0;59.52394872;"8E";32.6;12.8;21;5.52;4.55;4.55;4.76;0.035;0.6;FALSE
300;"picea";119.99444578756;74.9443192927683;0;43.29014452;"8E";29.5;15.1;21;3.35;3.49;2.85;2.71;0.035;0.6;FALSE
503;"picea";64.9711166177549;63.9587265881714;0;55.06761031;"8E";33.5;15.2;20.9;3.3;4.04;3.65;3.85;0.035;0.6;FALSE
207;"abies";135.031943176718;57.9745322501719;0;32.1492985;"8E";26.6;3.3;20.9;3.66;3.93;2.13;3.61;0.035;0.6;FALSE
815;"abies";20.0031866609384;45.0271319538346;0;81.80564075;"8E";35.6;13.1;20.8;6.53;4.9;5.07;6.49;0.035;0.6;FALSE
304;"picea";117.988739723473;59.0371780290312;0;46.47324338;"8E";32.8;10.5;20.8;3.16;3.23;3.42;3.34;0.035;0.6;FALSE
423;"picea";98.0096367145346;11.9961805591836;0;55.70423008;"8E";33.7;6.4;20.5;4.16;3.52;3.52;4.27;0.035;0.6;FALSE
13;"abies";173.966860666805;29.9461145274373;0;50.6112719;"8E";33;2.5;20.4;4.22;3.68;2.73;4.29;0.035;0.6;FALSE
401;"abies";94.0493133257301;73.9955824809448;0;50.92958179;"8E";30.5;4.1;20.4;5.56;5.3;4.79;4.88;0.035;0.6;FALSE
117;"picea";154.956173095224;62.974038441237;0;93.58310654;"8E";39.5;14.3;20;5.85;5.57;3.76;6.34;0.035;0.6;FALSE
528;"pseudotsuga";70.003925098186;5.94803068819705;0;77.98592212;"8E";45.4;10.8;19.9;3.25;3.91;3.23;4.14;0.035;0.6;FALSE
301;"picea";114.963151047554;69.9667623378762;0;43.92676429;"8E";31.5;8.9;19.7;3.38;3.05;3.37;3.02;0.035;0.6;FALSE
307;"picea";110.950603614062;58.9690597098735;0;48.06479281;"8E";32.1;0.4;19.5;2.99;3.62;3.59;3.28;0.035;0.6;FALSE
101;"abies";157.985924557314;10.9498074899008;0;40.10704566;"8E";26.6;4.3;19.5;3.79;3.42;3.93;5;0.035;0.6;FALSE
119;"picea";155.039050383532;75.9910707971575;0;31.19436885;"8E";25.6;13.7;19.5;1.48;1.92;2.8;0.47;0.035;0.6;FALSE
108;"picea";159.960977377779;33.9878014641246;0;52.20282133;"8E";33.5;4.8;19.4;3.19;3.07;2.43;3.44;0.035;0.6;FALSE
613;"picea";61.0058735725668;39.9992431297872;0;76.71268257;"8E";38.8;11;19.3;4.29;3.78;5.08;4.33;0.035;0.6;FALSE
507;"picea";64.0341112942307;50.9632650333174;0;58.25070917;"8E";36;9.9;19.2;2.81;3.61;2.96;3.63;0.035;0.6;FALSE
313;"abies";105.000468435642;25.0260797087228;0;42.33521486;"8E";30.8;12;19.2;2.17;2.94;2.93;3.25;0.035;0.6;FALSE
801;"pseudotsuga";16.0387004859632;15.9981318096955;0;95.49296586;"8E";54.3;7.4;19;4.8;6.91;5.56;5.91;0.035;0.6;FALSE
112;"picea";147.023037959103;46.0106847954499;0;47.74648293;"8E";32;7.6;19;4.04;3.7;3.56;1.83;0.035;0.6;FALSE
100;"picea";157.009940417827;8.00066270548098;0;41.3802852;"8E";31.5;9.4;19;1.34;2.05;2;2.21;0.035;0.6;FALSE
309;"picea";109.959860505425;35.9647464601222;0;106.315502;"8E";42.3;8.4;18.9;5.23;5.44;4.41;4.58;0.035;0.6;FALSE
524;"pseudotsuga";75.0098646860604;8.99443329496975;0;126.3690248;"8E";47.8;15.7;18.7;8.8;6.55;7.27;8.78;0.035;0.6;FALSE
515;"abies";72.0463393675962;27.0174052387648;0;50.6112719;"8E";29.6;10.3;18.7;5.05;4.18;2.5;5.32;0.035;0.6;FALSE
118;"picea";155.998761813442;69.0240804877556;0;37.56056657;"8E";28.9;8.6;18.7;3.59;1.85;3.67;2.68;0.035;0.6;FALSE
212;"picea";141.002892285992;44.9919374889366;0;47.42817304;"8E";34.3;10.8;18.5;3.18;2.35;3.55;2.1;0.035;0.6;FALSE
407;"picea";97.9589264102728;60.9830913463014;0;72.89296394;"8E";37.3;12.5;18.4;4.39;4.6;2.99;4.3;0.035;0.6;FALSE
506;"picea";78.0010157672941;56.9678948670643;0;65.25352667;"8E";37.2;12.5;18.4;3.17;3.37;2.95;3.4;0.035;0.6;FALSE
813;"pseudotsuga";9.9523286692271;48.9806435107233;0;35.33239737;"8E";28.8;14;18.4;2.65;4.43;4.35;3.05;0.035;0.6;FALSE
513;"abies";78.9751077312485;32.953916753354;0;55.70423008;"8E";33.3;13.5;18.3;3.5;6.18;4.04;5.48;0.035;0.6;FALSE
213;"picea";126.972410715048;42.0329533917495;0;50.92958179;"8E";31.6;12.7;18.3;2.52;4.6;2.7;2.13;0.035;0.6;FALSE
414;"abies";101.003436841513;29.0140288602968;0;35.01408748;"8E";27;2.1;18.3;4.08;4.28;5.31;3.54;0.035;0.6;FALSE
10;"picea";168.989303711913;34.9774092674427;0;101.2225438;"8E";40.3;10.5;18.2;4.88;3.98;5.26;4.54;0.035;0.6;FALSE
205;"picea";125.019307130756;56.9512437223814;0;30.23943919;"8E";24;10.4;18.1;2.84;2.03;2.49;2.16;0.035;0.6;FALSE
302;"picea";107.04099052952;71.9815508445169;0;62.07042781;"8E";36.6;10;18;4.14;4.02;4.3;3.41;0.035;0.6;FALSE
502;"picea";72.0054683761016;62.9498185944253;0;76.39437268;"8E";36.1;10.2;18;4.38;4.97;4.82;4.39;0.035;0.6;FALSE
219;"picea";125.021956176501;25.9956304514;0;56.02253997;"8E";33.4;9.4;18;4.01;4.3;3.18;3.33;0.035;0.6;FALSE
424;"picea";89.0104498835962;14.0147534168886;0;51.56620156;"8E";36.7;9.1;17.8;3.54;5.78;3.76;4.61;0.035;0.6;FALSE
510;"picea";70.9511481695837;42.9911510812338;0;67.48169587;"8E";36.6;12;17.8;4.26;3.86;4.04;3.89;0.035;0.6;FALSE
512;"picea";75.9623858489482;36.9755466294004;0;60.47887837;"8E";32.4;9.9;17.6;5.32;3.97;2.95;4.34;0.035;0.6;FALSE
400;"picea";100.957267758529;74.0084492745634;0;44.24507418;"8E";31.5;12.3;17;2.84;3.68;3.22;2.37;0.035;0.6;FALSE
814;"pseudotsuga";14.9590251273144;46.9575294317411;0;33.10422816;"8E";30.5;13.7;17;2.95;4.23;3.89;2.62;0.035;0.6;FALSE
200;"picea";138.976372291052;76.0103709875855;0;36.28732702;"8E";30.5;8.2;16.9;3;4.11;3.28;3.32;0.035;0.6;FALSE
508;"picea";69.0400508821052;54.0096676400901;0;72.89296394;"8E";38.8;12.6;16.8;5.5;3.82;4.76;2.66;0.035;0.6;FALSE
310;"picea";116.014443773221;30.9296673690525;0;49.01972247;"8E";36.7;11.6;16.5;2.61;2.93;2.73;2.94;0.035;0.6;FALSE
3;"picea";171.018094317491;68.0242549365639;0;45.20000384;"8E";35.6;7.7;16.5;2.29;2.63;2.36;3.35;0.035;0.6;FALSE
402;"abies";88.0246264313423;76.9693255472826;0;55.70423008;"8E";30.9;7.8;16.5;4.12;4.72;3.56;4.55;0.035;0.6;FALSE
504;"picea";65.9898639242682;57.9385809150608;0;59.52394872;"8E";35.3;14.4;16.4;3.46;3.35;3.32;3.3;0.035;0.6;FALSE
411;"abies";81.0073042527851;29.9756324657389;0;89.44507802;"8E";41;12.7;16.2;4.37;4.62;4.62;3.66;0.035;0.6;FALSE
610;"abies";41.9467463073626;53.9563082900833;0;57.6140894;"8E";32.2;0.2;16.2;3.12;5.53;4.16;5.28;0.035;0.6;FALSE
419;"picea";83.9954278531673;18.9533315558183;0;47.74648293;"8E";28.4;14;16.2;2.88;4.07;3.66;3.48;0.035;0.6;FALSE
308;"picea";116.994212263772;34.9558384663761;0;49.33803236;"8E";36.7;9;16.1;3.87;2.46;1.62;4.64;0.035;0.6;FALSE
120;"picea";146.99579063144;69.9656270325569;0;29.9211293;"8E";27.5;8;16;2.35;3.24;2.14;3.35;0.035;0.6;FALSE
412;"picea";92.9420122043118;38.9585465871009;0;56.02253997;"8E";37.5;10.3;15.8;4.33;3.19;3.43;2.8;0.035;0.6;FALSE
509;"picea";73.0370824762335;50.0217184885161;0;65.25352667;"8E";25.8;11.1;15.7;4.21;4.31;4.16;3.46;0.035;0.6;FALSE
422;"picea";95.0222699843652;17.9489647833493;0;53.15775099;"8E";35.1;7.7;15.6;2.41;2.65;3.61;3.78;0.035;0.6;FALSE
408;"picea";94.0091992044484;52.0092596674938;0;47.74648293;"8E";33.5;14.2;15.4;4.32;4.78;4.88;2.33;0.035;0.6;FALSE
420;"picea";89.0350481655142;21.0154244507629;0;45.20000384;"8E";32.9;12.3;15.4;3.93;2.6;1.73;2.45;0.035;0.6;FALSE
121;"picea";148.004698625186;76.9999787909036;0;33.10422816;"8E";27.6;8.4;15.4;1.65;3.52;3.14;3.21;0.035;0.6;FALSE
403;"abies";82.9887904700598;75.9842589652417;0;50.29296202;"8E";31.2;8.8;15.3;4.5;3.96;4.43;3.5;0.035;0.6;FALSE
315;"abies";108.963819305298;22.0224402689768;0;46.1549335;"8E";31.9;0.3;14.6;4.44;4.62;3.53;4.43;0.035;0.6;FALSE
701;"abies";26.9993164735355;48.9950240447677;0;88.17183847;"8E";38.2;2.2;14.5;4.08;5.25;4.65;3.96;0.035;0.6;FALSE
606;"picea";57.9704455838806;63.9833248700894;0;57.6140894;"8E";34.3;11.4;14.3;3.71;2.84;3.21;3.66;0.035;0.6;FALSE
601;"picea";51.9786825437523;71.0422749103542;0;48.3831027;"8E";31;9.9;14.3;3.21;3.31;2.74;2.69;0.035;0.6;FALSE
605;"picea";44.0326806140124;60.9868756973657;0;97.08451529;"8E";40.2;19;19;2.77;4.56;4.05;3.84;0.035;0.6;FALSE
201;"picea";133.974973924455;68.9714780079617;0;75.12113314;"8E";35;8.1;14;3.58;5;4.47;3.06;0.035;0.6;FALSE
418;"abies";83.0103612711264;23.9891675171008;0;37.24225668;"8E";30.8;8.5;14;3.11;2.93;3.54;3.43;0.035;0.6;FALSE
317;"picea";111.99016485143;6.02333927437693;0;59.20563883;"8E";29.6;9.3;14;4.67;3.56;4.75;3.22;0.035;0.6;FALSE
9;"picea";173.040073091154;40.9983118107661;0;41.69859509;"8E";28.4;7.9;13.8;4.11;3.44;2.86;3.29;0.035;0.6;FALSE
611;"fagus";46.0156805717129;44.007249342002;0;50.92958179;"8E";27.5;10.3;13.6;6.39;2.5;7.08;4.95;0.035;0.6;FALSE
600;"picea";59.0047087297576;72.9488309765555;0;61.75211792;"8E";33;3.9;13.5;4.2;5.39;5.33;4.04;0.035;0.6;FALSE
603;"picea";45.0124491045633;65.0130467946892;0;91.03662745;"8E";40.6;7.3;13.4;6.02;2.95;5.78;5.74;0.035;0.6;FALSE
705;"pseudotsuga";35.0278172564775;34.9652993440368;0;114.2732491;"8E";50.8;13.2;13.2;4.94;3.34;5.43;6.88;0.035;0.6;FALSE
517;"picea";76.964860445885;21.0392658624681;0;46.1549335;"8E";33.6;5.3;13.2;3.1;3.18;1.71;3.76;0.035;0.6;FALSE
607;"fagus";56.0237753963975;49.0230282426437;0;45.20000384;"8E";29.3;4.6;12.2;6.98;3.44;4.55;7.92;0.035;0.6;FALSE
602;"picea";46.9973412377959;74.9965433374558;0;47.42817304;"8E";33.5;8.2;12;3.12;3.38;3.69;4.06;0.035;0.6;FALSE
319;"pseudotsuga";116.99232008824;7.9927155682459;0;20.6901426;"8E";18.6;12;12;3.23;3.94;2.53;2.1;0.035;0.6;FALSE
405;"picea";90.9873948795937;64.0158702892426;0;87.21690881;"8E";37.4;7.3;11.7;5.89;5.52;3.72;4.66;0.035;0.6;FALSE
426;"picea";81.0216847868295;12.9286446614305;0;29.9211293;"8E";21.5;5.4;11.5;3.2;2.46;2.62;2.54;0.035;0.6;FALSE
609;"fagus";46.0065981291586;51.9922300877044;0;32.46760839;"8E";18.7;0.6;11.2;7.15;1.99;2.4;2.37;0.035;0.6;FALSE
410;"fagus";86.9793886673788;49.0256772883887;0;28.64788976;"8E";19.9;1.6;11.1;6.52;7.16;4.81;4.9;0.035;0.6;FALSE
809;"pseudotsuga";7.01226632736163;41.9716469045076;0;17.82535363;"8E";18.9;9.8;10.6;2.68;3.11;2.71;3.77;0.035;0.6;FALSE
808;"pseudotsuga";12.9741329940818;36.9740328889746;0;15.59718442;"8E";16.2;10.5;10.5;2.33;2.2;1.7;3.18;0.035;0.6;FALSE
406;"picea";85.0262850830864;63.9439676190206;0;90.40000768;"8E";41.8;10.4;10.4;6.22;5.04;6.02;3.8;0.035;0.6;FALSE
520;"fagus";63.9985383942262;24.9844518470153;0;29.9211293;"8E";26.7;4.8;10.3;5.23;6.55;3.5;4.91;0.035;0.6;FALSE
812;"pseudotsuga";12.9733761238689;42.0435495747295;0;19.09859317;"8E";21.7;10.3;10.3;3.39;3.38;2.44;2.65;0.035;0.6;FALSE
409;"picea";97.9725500741043;49.0056202277479;0;77.34930234;"8E";38.5;2.6;10;5.32;5.16;5.69;5.41;0.035;0.6;FALSE
306;"fagus";110.009057069261;49.9660885278708;0;27.05634033;"8E";21.4;0.3;9.8;4.4;5.7;4.76;3.95;0.035;0.6;FALSE
702;"fagus";33.9746323552789;47.0392714147303;0;28.32957987;"8E";26;2.1;9;1.75;5.03;4.45;1.63;0.035;0.6;FALSE
526;"pseudotsuga";65.9769971306496;11.9973158645028;0;16.2338042;"8E";15.6;8.3;8.3;2.44;2.53;3.53;1.97;0.035;0.6;FALSE
523;"fagus";62.9941716217573;13.9576097158174;0;24.19155135;"8E";32.1;1;8.2;2.19;4.68;4.35;2.92;0.035;0.6;FALSE
501;"fagus";75.0128921669118;67.990195776985;0;42.97183463;"8E";27.3;1.2;8.2;9.72;6.47;7.2;8.28;0.035;0.6;FALSE
810;"picea";20.0084847524285;35.9651248952285;0;26.41972055;"8E";18.5;2.4;8;1.22;3.13;3;2.42;0.035;0.6;FALSE
612;"fagus";53.9760630354973;37.0156607506821;0;32.1492985;"8E";24.8;3.3;7.5;5.78;6.56;5.72;3.73;0.035;0.6;FALSE
811;"pseudotsuga";14.9681075698688;38.9725486860388;0;19.09859317;"8E";19.5;7.5;7.5;3.12;2.41;2.52;3.65;0.035;0.6;FALSE
2;"picea";174.021733757237;71.9876058062199;0;35.65070725;"8E";29.1;2.2;7.2;3.46;7.76;3.17;4.04;0.035;0.6;FALSE
225;"picea";125.953284973429;10.9509427952201;0;28.96619964;"8E";21.5;2.1;7.2;3.3;2.77;3.43;3.05;0.035;0.6;FALSE
716;"pseudotsuga";26.9773672373625;11.0387397399121;0;19.73521294;"8E";16.7;7.2;7.2;1.28;3.29;3.25;2.22;0.035;0.6;FALSE
1;"picea";180.008198705876;73.9906628245612;0;42.65352475;"8E";31.5;2.6;7;4.13;3.33;3.88;3.59;0.035;0.6;FALSE
622;"fagus";47.9839215602626;6.97245452130682;0;69.0732453;"8E";30;2.5;7;6;7.82;7.24;4.74;0.035;0.6;FALSE
320;"pseudotsuga";118.957155160831;6.98305070428695;0;19.73521294;"8E";20;5.5;7;2.64;2.41;2.35;3.07;0.035;0.6;FALSE
804;"fagus";19.0086592012367;20.9457923911795;0;16.87042397;"8E";16.5;5.1;7;4.82;3.62;2.07;5.4;0.035;0.6;FALSE
803;"fagus";19.0169847735782;18.030328331232;0;15.59718442;"8E";15.4;4.8;7;1.74;4.96;5.6;1.74;0.035;0.6;FALSE
223;"pseudotsuga";134.010168389353;4.99891544126717;0;14.32394488;"8E";13;5.3;7;2.57;1.1;3.11;1.26;0.035;0.6;FALSE
516;"fagus";71.9543796367333;21.9853536285465;0;30.55774907;"8E";17;1.7;6.8;4.56;6.42;5.28;4.84;0.035;0.6;FALSE
505;"fagus";81.9889649188681;60.9649264611927;0;24.82817112;"8E";16.2;1.1;6.8;1.83;8.18;2.25;3.6;0.035;0.6;FALSE
525;"pseudotsuga";70.028523380104;12.9487017220714;0;24.50986124;"8E";17.9;6.7;6.7;2.79;3.26;3.14;2.26;0.035;0.6;FALSE
8;"fagus";181.011430173025;52.984865371874;0;48.06479281;"8E";29.7;1.3;6.5;6.6;5.77;9.5;7.02;0.035;0.6;FALSE
318;"pseudotsuga";107.993890127514;4.94177174019602;0;14.64225476;"8E";14.6;5.6;6.4;2.3;3.18;1.95;3.33;0.035;0.6;FALSE
518;"fagus";67.957348042605;25.9733027801205;0;21.64507226;"8E";15.9;2;6.3;5.34;4.91;4.09;5.21;0.035;0.6;FALSE
604;"fagus";42.0004840924759;63.9651599849807;0;14.32394488;"8E";15.9;0.9;6.2;2.98;3.3;3.83;2.2;0.035;0.6;FALSE
806;"fagus";16.0250768221316;27.975602928249;0;19.41690306;"8E";16.4;3.9;6.1;4.78;3.9;4.42;4.56;0.035;0.6;FALSE
718;"fagus";28.0260109172839;2.95725804206974;0;27.05634033;"8E";22.8;1.4;5.7;6.23;3.41;4.84;3.21;0.035;0.6;FALSE
713;"fagus";36.0401311661815;5.97452114564723;0;14.00563499;"8E";15;3.8;5.4;4.62;4.4;5.25;2.22;0.035;0.6;FALSE
519;"fagus";61.9663418726896;27.9627361346303;0;18.14366351;"8E";10.2;0.5;5.3;3.33;4.2;5.19;2.08;0.035;0.6;FALSE
614;"fagus";46.980690093113;27.978251973994;0;35.96901714;"8E";25.3;1;4.8;5.66;3.85;6.51;4.67;0.035;0.6;FALSE
619;"fagus";46.0100040451165;15.9671001309681;0;16.87042397;"8E";16.4;2.3;4.6;5.71;2.64;6.07;3.94;0.035;0.6;FALSE
805;"fagus";19.9585313183795;27.0332995132348;0;15.59718442;"8E";14.4;3.6;4.5;3.91;3.28;2.88;3.96;0.035;0.6;FALSE
710;"fagus";43.0071214755834;6.93423257555725;0;16.55211408;"8E";19.1;1.8;4.4;2.92;5.1;4.56;2.9;0.035;0.6;FALSE
314;"fagus";106.04835524535;22.0141146966354;0;34.69577759;"8E";25.8;0.3;4.2;7.22;7.41;8.23;4.167;0.035;0.6;FALSE
715;"pseudotsuga";24.0198968806012;14.9301879393461;0;22.91831181;"8E";17.5;3;4.2;3.01;3.59;3.3;2.83;0.035;0.6;FALSE
521;"fagus";65.0127444794624;22.9567965467559;0;19.09859317;"8E";10.3;1;4.2;1;7;0.46;5.22;0.035;0.6;FALSE
416;"fagus";84.010943692531;33.9389833353949;0;33.74084794;"8E";23.7;1;4;3.38;4.78;1.66;7.52;0.035;0.6;FALSE
711;"fagus";41.9637758871521;5.9537072147935;0;20.05352283;"8E";17.6;2.3;4;2.96;8.89;3.46;0.01;0.035;0.6;FALSE
618;"picea";59.0062224701833;9.96057812168908;0;22.91831181;"8E";15.1;1.4;4;3.57;3.35;2.84;3.2;0.035;0.6;FALSE
316;"fagus";111.947401684403;14.9926297319073;0;26.41972055;"8E";13.9;0.7;4;4.87;5.98;3.6;5.79;0.035;0.6;FALSE
719;"fagus";24.9841495317884;3.97070725709301;0;18.4619734;"8E";16;0.8;3.8;5.11;3.32;4.89;1.4;0.035;0.6;FALSE
709;"fagus";37.0062759929008;21.9781633615243;0;17.82535363;"8E";13.3;0;3.8;4.56;5.49;4.57;4.8;0.035;0.6;FALSE
620;"fagus";46.0436847695889;14.9827904191401;0;17.50704374;"8E";16.4;1.5;3.7;5.6;3.36;3.24;6.64;0.035;0.6;FALSE
717;"fagus";27.9624338194035;6.00290377862957;0;16.87042397;"8E";12.5;1.5;3.6;4.8;2.69;4.44;1.6;0.035;0.6;FALSE
404;"picea";88.0000281494243;69.9686545134083;0;14.32394488;"8E";9.3;1.3;3.6;2.85;2.57;2.56;2.93;0.035;0.6;FALSE
14;"fagus";182.979671161575;15.9500705511788;0;48.70141259;"8E";26;1.1;3.5;4.84;6.96;2.38;5.1;0.035;0.6;FALSE
224;"pseudotsuga";133.947348161685;2.97504449207209;0;14.64225476;"8E";14.6;3.5;3.5;2.1;2.61;3.4;2.39;0.035;0.6;FALSE
802;"fagus";11.9879311067216;9.97722926637203;0;19.41690306;"8E";11.9;2;3.5;5.44;2.5;4.76;4.39;0.035;0.6;FALSE
204;"abies";124.989410757348;59.0125797471132;0;16.07464925;"8E";9.3;0;3.5;3.16;3.57;3;3.19;0.035;0.6;FALSE
616;"fagus";60.9612182300079;22.0054106891874;0;21.00845249;"8E";14.2;1.3;3.3;4.09;5.12;2.72;8.21;0.035;0.6;FALSE
706;"fagus";32.9748068040872;32.0199389106813;0;17.82535363;"8E";14.5;0;3.2;4.75;4.57;5.48;4.12;0.035;0.6;FALSE
311;"fagus";120.962104354705;27.9597086537789;0;35.33239737;"8E";20.3;0;2.9;4.78;9.98;8.48;3.63;0.035;0.6;FALSE
527;"picea";63.9538830516673;6.99061940641553;0;17.18873385;"8E";12.5;0;2.9;3.03;2.53;2.53;2.94;0.035;0.6;FALSE
621;"picea";53.999526012096;11.9836922006713;0;17.82535363;"8E";11.6;0.3;2.6;2.88;2.18;2.85;2.44;0.035;0.6;FALSE
221;"picea";134.985395658627;13.0175769114419;0;14.64225476;"8E";10.4;2.5;2.5;3.15;3.71;3.03;2.9;0.035;0.6;FALSE
425;"fagus";88.0261401717681;13.9810726924162;0;20.37183272;"8E";17;1.3;2.4;2.12;5.94;3.75;3.83;0.035;0.6;FALSE
15;"fagus";184.027557971283;12.9381055390914;0;16.55211408;"8E";13.7;0.6;2.3;3.27;4.8;3;4.65;0.035;0.6;FALSE
703;"fagus";30.9672085644687;41.9988942321706;0;28.64788976;"8E";21.1;1;2.1;6.27;4.4;6.85;6.02;0.035;0.6;FALSE
704;"fagus";42.0031331382209;33.0095467139994;0;20.05352283;"8E";11.2;1.8;1.8;3.51;5.65;4.85;0.64;0.035;0.6;FALSE
511;"fagus";65.028260318826;37.9424483263326;0;21.00845249;"8E";8.4;1.3;1.8;5.12;2.6;3.6;3.72;0.035;0.6;FALSE
700;"fagus";20.9848473270214;76.0164259492883;0;44.88169395;"8E";18.4;1;1.6;2.03;4.07;2.22;6.04;0.035;0.6;FALSE
